{"cameraMode":{"drawMode":0,"name":"Shaded","section":"Shading Mode"},"sceneLighting":true,"audioPlay":false,"sceneViewState":{"showFog":true,"showMaterialUpdate":false,"showSkybox":true,"showFlares":true,"showImageEffects":true,"showParticleSystems":true},"in2DMode":false,"pivot":{"x":-6.512979507446289,"y":-3.0037150382995607,"z":22.3549861907959},"rotation":{"x":-0.13400080800056458,"y":0.27184900641441347,"z":-0.03825812041759491,"w":-0.9522019624710083},"size":14.163467407226563,"orthographic":false}