{"cameraMode":{"drawMode":0,"name":"Shaded","section":"Shading Mode"},"sceneLighting":true,"audioPlay":false,"sceneViewState":{"showFog":true,"showMaterialUpdate":false,"showSkybox":true,"showFlares":true,"showImageEffects":true,"showParticleSystems":true},"in2DMode":false,"pivot":{"x":4.5752787590026859,"y":-47.02435302734375,"z":-131.24803161621095},"rotation":{"x":0.0005680509493686259,"y":0.9819049835205078,"z":-0.1893489509820938,"w":0.002945746760815382},"size":155.97117614746095,"orthographic":false}