{"cameraMode":{"drawMode":0,"name":"Shaded","section":"Shading Mode"},"sceneLighting":true,"audioPlay":false,"sceneViewState":{"showFog":true,"showMaterialUpdate":false,"showSkybox":true,"showFlares":true,"showImageEffects":true,"showParticleSystems":true},"in2DMode":false,"pivot":{"x":5.880358695983887,"y":19.37607192993164,"z":-41.87749099731445},"rotation":{"x":-0.10058620572090149,"y":-0.03223289176821709,"z":0.003260325873270631,"w":-0.9944009184837341},"size":16.09747886657715,"orthographic":false}